{
	"list1": [
		{
			"name": "张三",
			"value": 180
		}, {
			"name": "李四",
			"value": 380
		}, {
			"name": "赵五",
			"value": 130
		}, {
			"name": "王六",
			"value": 80
		}, {
			"name": "柳七",
			"value": 45
		}
	],
	"list2": [
		{
			"name": "常州***有限公司",
			"value": 450
		}, {
			"name": "深圳***有限公司",
			"value": 340
		}, {
			"name": "北京*****开发公司",
			"value": 280
		}, {
			"name": "青岛***有限公司",
			"value": 150
		}, {
			"name": "株洲***有限公司",
			"value": 102
		}, {
			"name": "株洲时***科技股份有限公司",
			"value": 85
		}
	]
}